{"stats":{"minecraft:crafted":{"minecraft:oak_planks":20,"minecraft:crafting_table":1,"minecraft:wooden_pickaxe":1,"minecraft:furnace":1,"minecraft:stone_axe":1,"minecraft:cooked_mutton":2,"minecraft:air":0,"minecraft:stick":8,"minecraft:stone_pickaxe":1,"minecraft:white_bed":1,"minecraft:torch":12},"minecraft:mined":{"iceandfire:lightning_lily":1,"minecraft:white_bed":1,"minecraft:crafting_table":3,"minecraft:torch":1,"minecraft:grass_block":1,"iceandfire:ghost_chest":1,"minecraft:rose_bush":1,"iceandfire:fire_lily":3,"minecraft:copper_ore":15,"minecraft:skeleton_skull":1,"minecraft:furnace":1,"minecraft:pumpkin":2,"minecraft:wither_rose":2,"gamma_beasts:thin_oak_log":1,"minecraft:grass":1,"minecraft:bookshelf":22,"minecraft:oak_log":26,"minecraft:coal_ore":61,"minecraft:flower_pot":1,"minecraft:stone":27,"minecraft:white_wool":1,"minecraft:oak_leaves":9},"minecraft:dropped":{"minecraft:enchanted_book":1,"minecraft:rotten_flesh":8,"iceandfire:ectoplasm":1,"iceandfire:graveyard_soil":5,"skilltree:gem":5,"minecraft:wooden_pickaxe":1},"minecraft:killed_by":{"minecraft:zombie":2,"iceandfire:ghost":1},"minecraft:killed":{"minecraft:sheep":1,"iceandfire:ghost":3,"minecraft:cow":2},"minecraft:used":{"minecraft:cooked_mutton":2,"minecraft:writable_book":1,"minecraft:stone_pickaxe":106,"minecraft:wooden_pickaxe":3,"minecraft:white_wool":1,"minecraft:torch":1,"minecraft:crafting_table":3,"minecraft:white_bed":1,"minecraft:oak_button":2,"minecraft:stone_axe":50,"minecraft:oak_sapling":3,"minecraft:furnace":1},"minecraft:custom":{"minecraft:interact_with_furnace":3,"minecraft:mob_kills":6,"minecraft:interact_with_crafting_table":8,"minecraft:open_barrel":6,"minecraft:leave_game":1,"minecraft:time_since_death":6763,"minecraft:sleep_in_bed":1,"minecraft:climb_one_cm":52,"minecraft:time_since_rest":4250,"minecraft:sprint_one_cm":62928,"minecraft:damage_taken":960,"minecraft:walk_one_cm":47629,"minecraft:drop":12,"minecraft:damage_dealt":1407,"minecraft:fly_one_cm":70871,"minecraft:crouch_one_cm":2655,"minecraft:play_time":19786,"minecraft:deaths":3,"minecraft:sneak_time":1001,"minecraft:jump":259,"minecraft:total_world_time":19786,"minecraft:fall_one_cm":9293},"minecraft:picked_up":{"minecraft:crafting_table":3,"minecraft:flower_pot":1,"iceandfire:fire_lily":3,"minecraft:leather":2,"minecraft:wither_rose":2,"minecraft:enchanted_book":2,"minecraft:oak_log":26,"iceandfire:ectoplasm":1,"skilltree:gem":9,"minecraft:raw_copper":57,"minecraft:bone":6,"iceandfire:graveyard_soil":5,"minecraft:beef":4,"minecraft:iron_ingot":3,"minecraft:rose_bush":1,"minecraft:furnace":1,"minecraft:book":66,"minecraft:stick":1,"iceandfire:ghost_chest":1,"minecraft:pumpkin":2,"minecraft:torch":1,"minecraft:white_bed":1,"iceandfire:lightning_lily":1,"iceandfire:silver_ingot":3,"minecraft:rotten_flesh":8,"gamma_beasts:coal_nugget":19,"minecraft:chainmail_helmet":1,"minecraft:oak_button":2,"minecraft:oak_sapling":3,"minecraft:black_wool":1,"minecraft:mutton":5,"minecraft:coal":61,"minecraft:skeleton_skull":1,"minecraft:white_wool":4,"minecraft:cobblestone":26}},"DataVersion":3465}