{"stats":{"minecraft:crafted":{"minecraft:oak_planks":20,"minecraft:crafting_table":1,"minecraft:stick":8,"minecraft:wooden_pickaxe":1,"minecraft:stone_pickaxe":1,"minecraft:torch":12,"minecraft:stone_axe":1},"minecraft:mined":{"minecraft:pumpkin":2,"minecraft:crafting_table":1,"minecraft:torch":1,"gamma_beasts:thin_oak_log":1,"minecraft:coal_ore":18,"minecraft:oak_log":26,"minecraft:rose_bush":1,"minecraft:copper_ore":8,"minecraft:stone":10,"minecraft:oak_leaves":9},"minecraft:killed":{"minecraft:cow":2},"minecraft:used":{"minecraft:writable_book":1,"minecraft:stone_pickaxe":34,"minecraft:wooden_pickaxe":3,"minecraft:stone_axe":32,"minecraft:torch":1,"minecraft:crafting_table":1,"minecraft:oak_sapling":3},"minecraft:picked_up":{"minecraft:stick":1,"minecraft:crafting_table":1,"minecraft:pumpkin":2,"minecraft:leather":2,"minecraft:oak_log":26,"skilltree:gem":2,"minecraft:raw_copper":29,"minecraft:beef":4,"minecraft:rose_bush":1,"gamma_beasts:coal_nugget":3,"minecraft:oak_sapling":3,"minecraft:black_wool":1,"minecraft:mutton":3,"minecraft:coal":18,"minecraft:white_wool":2,"minecraft:cobblestone":10},"minecraft:custom":{"minecraft:time_since_rest":7786,"minecraft:sprint_one_cm":32243,"minecraft:damage_taken":30,"minecraft:walk_one_cm":16465,"minecraft:mob_kills":2,"minecraft:damage_dealt":200,"minecraft:interact_with_crafting_table":5,"minecraft:fly_one_cm":14530,"minecraft:open_barrel":3,"minecraft:crouch_one_cm":500,"minecraft:play_time":7786,"minecraft:sneak_time":146,"minecraft:jump":66,"minecraft:leave_game":1,"minecraft:time_since_death":7786,"minecraft:total_world_time":7786,"minecraft:fall_one_cm":1824}},"DataVersion":3465}