{"stats":{"minecraft:custom":{"minecraft:jump":34,"minecraft:time_since_rest":17125,"minecraft:damage_dealt":10,"minecraft:crouch_one_cm":31,"minecraft:walk_on_water_one_cm":135,"minecraft:sprint_one_cm":8898,"minecraft:play_time":17125,"minecraft:damage_taken":120,"minecraft:time_since_death":17125,"minecraft:walk_one_cm":7893,"minecraft:sneak_time":51,"minecraft:total_world_time":17125,"minecraft:walk_under_water_one_cm":129,"minecraft:fall_one_cm":2794,"minecraft:fly_one_cm":8776},"minecraft:mined":{"minecraft:oak_leaves":2},"minecraft:used":{"immersive_aircraft:biplane":2}},"DataVersion":3465}