{"stats":{"minecraft:crafted":{"minecraft:cooked_beef":4,"minecraft:oak_planks":20,"minecraft:crafting_table":1,"minecraft:wooden_pickaxe":1,"minecraft:furnace":1,"minecraft:copper_ingot":12,"minecraft:stone_axe":1,"minecraft:cooked_mutton":4,"minecraft:air":0,"minecraft:stick":20,"immersive_aircraft:hull":1,"minecraft:stone_pickaxe":1,"minecraft:white_bed":1,"minecraft:torch":12,"iceandfire:silver_pickaxe":1},"minecraft:mined":{"iceandfire:lightning_lily":1,"minecraft:white_bed":2,"minecraft:crafting_table":5,"minecraft:torch":2,"minecraft:grass_block":1,"iceandfire:ghost_chest":1,"minecraft:rose_bush":1,"iceandfire:fire_lily":3,"minecraft:copper_ore":23,"minecraft:skeleton_skull":1,"minecraft:furnace":3,"minecraft:iron_ore":8,"minecraft:andesite":10,"minecraft:pumpkin":2,"minecraft:wither_rose":2,"gamma_beasts:acacia_hoja":6,"gamma_beasts:thin_oak_log":1,"minecraft:grass":2,"minecraft:bookshelf":22,"minecraft:oak_log":26,"minecraft:coal_ore":61,"minecraft:deepslate_iron_ore":4,"minecraft:flower_pot":1,"minecraft:stone":73,"minecraft:white_wool":1,"minecraft:oak_leaves":9},"minecraft:dropped":{"minecraft:enchanted_book":1,"minecraft:rotten_flesh":9,"iceandfire:ectoplasm":1,"gamma_beasts:kiwi":7,"iceandfire:graveyard_soil":5,"minecraft:andesite":10,"skilltree:gem":13,"minecraft:wooden_pickaxe":1},"minecraft:killed_by":{"minecraft:zombie":2,"iceandfire:ghost":1},"minecraft:killed":{"minecraft:sheep":2,"minecraft:zombie":1,"iceandfire:ghost":3,"minecraft:cow":2},"minecraft:used":{"minecraft:cooked_mutton":2,"minecraft:writable_book":1,"minecraft:stone_pickaxe":135,"minecraft:wooden_pickaxe":3,"minecraft:white_wool":1,"minecraft:torch":13,"minecraft:crafting_table":5,"minecraft:white_bed":2,"iceandfire:silver_pickaxe":49,"gamma_beasts:kiwi":6,"minecraft:oak_button":2,"minecraft:stone_axe":57,"minecraft:cobblestone":11,"minecraft:oak_sapling":3,"minecraft:furnace":3},"minecraft:custom":{"minecraft:interact_with_furnace":12,"minecraft:mob_kills":8,"minecraft:interact_with_crafting_table":11,"minecraft:open_barrel":6,"minecraft:leave_game":1,"minecraft:time_since_death":18763,"minecraft:sleep_in_bed":1,"minecraft:climb_one_cm":52,"minecraft:time_since_rest":16250,"minecraft:sprint_one_cm":74842,"minecraft:damage_taken":1083,"minecraft:walk_one_cm":64539,"minecraft:drop":23,"minecraft:damage_dealt":1687,"minecraft:swim_one_cm":1922,"minecraft:fly_one_cm":87854,"minecraft:crouch_one_cm":6212,"minecraft:play_time":31786,"minecraft:deaths":3,"minecraft:sneak_time":2331,"minecraft:walk_under_water_one_cm":4297,"minecraft:jump":328,"minecraft:walk_on_water_one_cm":2873,"minecraft:total_world_time":31786,"minecraft:fall_one_cm":13086},"minecraft:picked_up":{"minecraft:crafting_table":5,"minecraft:flower_pot":1,"minecraft:andesite":10,"iceandfire:fire_lily":3,"minecraft:leather":2,"minecraft:wither_rose":2,"minecraft:enchanted_book":2,"minecraft:oak_log":26,"iceandfire:ectoplasm":1,"skilltree:gem":14,"minecraft:raw_copper":86,"minecraft:bone":6,"iceandfire:graveyard_soil":5,"minecraft:beef":4,"minecraft:iron_ingot":3,"minecraft:rose_bush":1,"minecraft:furnace":3,"minecraft:book":66,"minecraft:stick":1,"minecraft:raw_iron":12,"iceandfire:ghost_chest":1,"minecraft:pumpkin":2,"minecraft:torch":2,"minecraft:white_bed":2,"iceandfire:lightning_lily":1,"iceandfire:silver_ingot":3,"minecraft:rotten_flesh":9,"gamma_beasts:kiwi":19,"gamma_beasts:coal_nugget":19,"minecraft:chainmail_helmet":1,"minecraft:oak_button":2,"minecraft:oak_sapling":3,"minecraft:black_wool":1,"minecraft:mutton":6,"minecraft:coal":118,"minecraft:skeleton_skull":1,"minecraft:white_wool":5,"minecraft:cobblestone":71},"minecraft:broken":{"minecraft:stone_pickaxe":1}},"DataVersion":3465}