{"stats":{"minecraft:crafted":{"minecraft:cooked_beef":4,"minecraft:oak_planks":20,"minecraft:crafting_table":1,"minecraft:wooden_pickaxe":1,"minecraft:furnace":1,"minecraft:copper_ingot":12,"minecraft:stone_axe":1,"minecraft:cooked_mutton":4,"minecraft:air":0,"minecraft:stick":20,"immersive_aircraft:hull":1,"minecraft:stone_pickaxe":1,"minecraft:white_bed":1,"minecraft:torch":52,"iceandfire:silver_pickaxe":1},"minecraft:mined":{"iceandfire:lightning_lily":1,"minecraft:deepslate_redstone_ore":2,"minecraft:large_amethyst_bud":2,"minecraft:white_bed":4,"minecraft:medium_amethyst_bud":1,"minecraft:amethyst_cluster":2,"minecraft:crafting_table":5,"minecraft:torch":3,"minecraft:budding_amethyst":4,"minecraft:grass_block":1,"minecraft:calcite":1,"iceandfire:ghost_chest":1,"minecraft:rose_bush":1,"iceandfire:fire_lily":3,"minecraft:copper_ore":28,"minecraft:cobblestone":6,"minecraft:diorite":1,"minecraft:amethyst_block":9,"minecraft:skeleton_skull":1,"minecraft:furnace":4,"minecraft:iron_ore":21,"gamma_beasts:prehnite_ore":1,"minecraft:andesite":11,"minecraft:pumpkin":4,"minecraft:wither_rose":2,"gamma_beasts:acacia_hoja":6,"gamma_beasts:thin_oak_log":1,"minecraft:grass":2,"minecraft:bookshelf":22,"minecraft:oak_log":26,"minecraft:coal_ore":61,"minecraft:deepslate_iron_ore":11,"minecraft:small_amethyst_bud":2,"minecraft:flower_pot":1,"minecraft:smooth_basalt":1,"minecraft:deepslate":4,"minecraft:stone":350,"minecraft:gold_ore":6,"minecraft:white_wool":1,"minecraft:oak_leaves":9},"minecraft:dropped":{"minecraft:enchanted_book":1,"minecraft:cobblestone":102,"minecraft:rotten_flesh":9,"iceandfire:ectoplasm":1,"gamma_beasts:kiwi":7,"iceandfire:graveyard_soil":5,"minecraft:andesite":10,"skilltree:gem":16,"minecraft:wooden_pickaxe":1,"minecraft:white_wool":1,"minecraft:smooth_basalt":1,"minecraft:black_wool":1},"minecraft:killed_by":{"minecraft:zombie":3,"iceandfire:ghost":1},"minecraft:killed":{"minecraft:sheep":2,"minecraft:zombie":1,"iceandfire:ghost":3,"minecraft:cow":2},"minecraft:used":{"minecraft:cooked_mutton":2,"minecraft:writable_book":1,"minecraft:stone_pickaxe":135,"minecraft:wooden_pickaxe":3,"minecraft:white_wool":1,"minecraft:torch":48,"minecraft:crafting_table":5,"minecraft:white_bed":5,"iceandfire:silver_pickaxe":395,"gamma_beasts:kiwi":6,"minecraft:oak_button":2,"minecraft:stone_axe":62,"minecraft:cobblestone":68,"minecraft:oak_sapling":3,"minecraft:furnace":4,"minecraft:pumpkin":2,"minecraft:cooked_beef":3},"minecraft:custom":{"minecraft:interact_with_furnace":15,"minecraft:mob_kills":8,"minecraft:interact_with_crafting_table":11,"minecraft:open_barrel":6,"minecraft:leave_game":1,"minecraft:time_since_death":3665,"minecraft:sleep_in_bed":2,"minecraft:climb_one_cm":52,"minecraft:time_since_rest":3693,"minecraft:sprint_one_cm":84989,"minecraft:damage_taken":1595,"minecraft:walk_one_cm":89640,"minecraft:drop":32,"minecraft:damage_dealt":1903,"minecraft:swim_one_cm":12106,"minecraft:fly_one_cm":90701,"minecraft:crouch_one_cm":17594,"minecraft:play_time":43786,"minecraft:deaths":4,"minecraft:sneak_time":6004,"minecraft:walk_under_water_one_cm":8075,"minecraft:jump":372,"minecraft:walk_on_water_one_cm":4150,"minecraft:total_world_time":43786,"minecraft:fall_one_cm":15875},"minecraft:picked_up":{"minecraft:crafting_table":5,"minecraft:flower_pot":1,"minecraft:andesite":10,"iceandfire:fire_lily":3,"minecraft:leather":2,"gamma_beasts:prehnite":1,"minecraft:wither_rose":2,"minecraft:enchanted_book":2,"minecraft:oak_log":26,"iceandfire:ectoplasm":1,"minecraft:amethyst_block":9,"skilltree:gem":16,"minecraft:raw_copper":104,"minecraft:cooked_mutton":1,"minecraft:bone":6,"iceandfire:graveyard_soil":5,"minecraft:raw_gold":6,"minecraft:beef":4,"minecraft:iron_ingot":3,"minecraft:rose_bush":1,"minecraft:furnace":4,"minecraft:book":66,"minecraft:stick":1,"minecraft:raw_iron":32,"minecraft:smooth_basalt":1,"iceandfire:ghost_chest":1,"minecraft:pumpkin":4,"minecraft:torch":3,"minecraft:amethyst_shard":6,"minecraft:white_bed":5,"minecraft:redstone":8,"iceandfire:lightning_lily":1,"iceandfire:silver_ingot":3,"minecraft:rotten_flesh":9,"gamma_beasts:kiwi":19,"gamma_beasts:coal_nugget":19,"minecraft:chainmail_helmet":1,"minecraft:oak_button":2,"minecraft:oak_sapling":3,"minecraft:black_wool":1,"minecraft:mutton":6,"minecraft:coal":164,"minecraft:skeleton_skull":1,"minecraft:white_wool":5,"minecraft:cobblestone":312},"minecraft:broken":{"minecraft:stone_pickaxe":1}},"DataVersion":3465}