{"stats":{"minecraft:custom":{"minecraft:jump":91,"minecraft:time_since_rest":29125,"minecraft:damage_dealt":30,"minecraft:crouch_one_cm":133,"minecraft:walk_on_water_one_cm":135,"minecraft:sprint_one_cm":12551,"minecraft:play_time":29125,"minecraft:damage_taken":120,"minecraft:time_since_death":29125,"minecraft:walk_one_cm":13769,"minecraft:sneak_time":169,"minecraft:total_world_time":29125,"minecraft:walk_under_water_one_cm":129,"minecraft:drop":2,"minecraft:fall_one_cm":7415,"minecraft:fly_one_cm":23591},"minecraft:mined":{"minecraft:oak_leaves":2},"minecraft:dropped":{"minecraft:coal":53},"minecraft:used":{"minecraft:cooked_beef":1,"immersive_aircraft:biplane":2}},"DataVersion":3465}