{"stats":{"minecraft:custom":{"minecraft:time_since_rest":14405,"minecraft:crouch_one_cm":13,"minecraft:play_time":16508,"minecraft:sprint_one_cm":7670,"minecraft:deaths":2,"minecraft:damage_taken":730,"minecraft:walk_one_cm":6012,"minecraft:sneak_time":29,"minecraft:drop":8,"minecraft:jump":39,"minecraft:time_since_death":14371,"minecraft:total_world_time":16508,"minecraft:fly_one_cm":8762,"minecraft:fall_one_cm":10096},"minecraft:picked_up":{"minecraft:raw_copper":4,"minecraft:arrow":1,"minecraft:crafting_table":1,"minecraft:stripped_acacia_log":1,"minecraft:bone":1,"minecraft:brown_mushroom":8,"minecraft:beef":1,"minecraft:mutton":5},"minecraft:dropped":{"minecraft:stripped_acacia_log":1,"minecraft:brown_mushroom":8,"minecraft:arrow":1,"minecraft:beef":1,"minecraft:raw_copper":4,"minecraft:mutton":5,"minecraft:crafting_table":1,"minecraft:bone":1}},"DataVersion":3465}