{"stats":{"minecraft:custom":{"minecraft:time_since_rest":26405,"minecraft:crouch_one_cm":207,"minecraft:play_time":28508,"minecraft:sprint_one_cm":25825,"minecraft:deaths":2,"minecraft:damage_taken":770,"minecraft:walk_one_cm":13942,"minecraft:sneak_time":145,"minecraft:drop":11,"minecraft:jump":159,"minecraft:time_since_death":26371,"minecraft:total_world_time":28508,"minecraft:fly_one_cm":32499,"minecraft:fall_one_cm":13529},"minecraft:picked_up":{"plushie_buddies:plushie_warden":1,"minecraft:raw_copper":4,"minecraft:arrow":1,"minecraft:crafting_table":1,"minecraft:stripped_acacia_log":1,"minecraft:bone":1,"chococraft:gysahl_green":30,"chococraft:gold_gysahl":1,"minecraft:brown_mushroom":8,"minecraft:wheat_seeds":1,"minecraft:beef":1,"chococraft:gysahl_green_seeds":11,"minecraft:mutton":5,"chococraft:loverly_gysahl_green":3},"minecraft:mined":{"minecraft:grass":13,"chococraft:gysahl_green":11},"minecraft:dropped":{"minecraft:stripped_acacia_log":1,"plushie_buddies:plushie_warden":1,"chococraft:gysahl_green_seeds":11,"minecraft:brown_mushroom":8,"minecraft:arrow":1,"minecraft:wheat_seeds":1,"minecraft:beef":1,"minecraft:raw_copper":4,"minecraft:mutton":5,"minecraft:crafting_table":1,"minecraft:bone":1},"minecraft:used":{"plushie_buddies:plushie_creeper":1,"chococraft:gysahl_green":4}},"DataVersion":3465}